Modelo,Métrica,Média,Desvio Padrão
Random Forest,Precision,0.9451641512929376,0.007115739488322137
Random Forest,Recall,0.9413285302012069,0.007703597143359433
Regressão Logística,Precision,0.9499451906400974,0.006155178070243861
Regressão Logística,Recall,0.9485647111057295,0.005201171755538776
Rede Neural,Precision,0.9727128342347922,0.0023182026315498034
Rede Neural,Recall,0.9664450767895705,0.0044806801613593294
